com_code,Revenue_19,OperatingIncomeLoss_19,com_netincome_19,CostOfSales_19,Expenses_19,Equity_19,Assets_19,Liabilities_19,CurrentAssets_19,Inventories_19,CurrentLiabilities_19,IssuedCapital_19,CapitalSurplus_19,RetainedEarnings_19
00550994,189844257361.0,30172842156.0,23426000000.0,103062886125.0,56608529080.0,201091287677.0,270042337845.0,68951050168.0,128983376805.0,31672977571.0,41791912296.0,6868619000.0,45706209344.0,154346570959.0
00439965,48892960511.0,5143898408.0,5801000000.0,29575322225.0,14173739878.0,93787589861.0,101893569315.0,8105979454.0,74512856078.0,37755143939.0,5326866553.0,5424166500.0,37741815957.0,51427316730.0
00136226,453654135633.0,10347058064.0,5282000000.0,405439657883.0,36497302175.0,133804558635.0,348684313367.0,214879754732.0,143602350394.0,26432277783.0,167089951985.0,12088550500.0,12048303124.0,105425471459.0
00370918,48784053268.0,6421048293.0,7492000000.0,36218014732.0,6144990243.0,77268625212.0,83290088986.0,6021463774.0,39572805844.0,10643763758.0,3098389034.0,2017400000.0,18665147240.0,57597066871.0
00305297,285258695589.0,33129376600.0,30761000000.0,214132604286.0,37996714703.0,317940393712.0,353091371632.0,35150977920.0,242090362587.0,58761602981.0,31481471285.0,7787276000.0,62522079535.0,239992539724.0
00306719,337971673524.0,17480871498.0,17200000000.0,289525751594.0,30965050432.0,153991875357.0,213913142261.0,59921266904.0,169228832700.0,39582019753.0,54255969264.0,5455000000.0,10166773474.0,157103279370.0
00165583,4608269823064.0,106309924596.0,-43167000000.0,4219075198829.0,282884699639.0,1203288795181.0,3594979133031.0,2391690337850.0,1412056938744.0,459946042954.0,1102875721932.0,34300000000.0,9468537763.0,1134114424812.0
00128315,1494980608036.0,36197018758.0,33948000000.0,1422989322293.0,35794266985.0,331498692532.0,559512184799.0,228013492267.0,297956504818.0,60963222655.0,153690912707.0,8309261000.0,50618604670.0,108421472860.0
00664181,117971769760.0,8220446104.0,8011000000.0,62184008474.0,47567315182.0,84988478314.0,143973596095.0,58985117781.0,76009846035.0,20096446541.0,27676478385.0,3770251000.0,41701310475.0,43189912600.0
00128555,3461627492922.0,85565315738.0,37822000000.0,3098981460672.0,277080716512.0,1392949320329.0,3912362194864.0,2519412874535.0,1315726675298.0,28771084906.0,973326768730.0,20275125000.0,-30234832608.0,1290606684111.0
00427483,1113425920883.0,44687096858.0,22006000000.0,635132493527.0,324165830437.0,635920094471.0,1245668149263.0,609748054792.0,526256346628.0,177609255572.0,262080185563.0,28966437500.0,96705421479.0,445415030356.0
00105271,2719563984151.0,133209522238.0,-222525000000.0,2080778154377.0,505576307536.0,4453226856338.0,9382221503013.0,4928994646675.0,2059589238830.0,481101854114.0,2916784567953.0,56434870000.0,468169016972.0,5132070632881.0
00377610,4930662596032.0,89528018488.0,30822000000.0,4669457026740.0,171677550804.0,3032378479611.0,5456657504692.0,2424279025081.0,2326282241647.0,1161220665629.0,1362858407755.0,20000000000.0,342827107129.0,1604392655027.0
00219574,468352868367.0,-7332326290.0,-13905000000.0,406430032972.0,69255161685.0,355990101706.0,892716238226.0,536726136520.0,235347999808.0,77770872087.0,437493004772.0,4801960500.0,236185273523.0,99443601051.0
00102751,192457070597.0,5812227924.0,4729000000.0,160141445165.0,15455407085.0,95822998593.0,206489849711.0,110666851118.0,109391247960.0,29120581074.0,95162935419.0,24939425000.0,2306078534.0,68898140251.0
00256043,51733795622.0,6572137297.0,5679000000.0,27667028999.0,17494629326.0,97262275822.0,172776344815.0,75514068993.0,43310713656.0,23473078597.0,40760137569.0,1601663760.0,32724600817.0,60461372101.0
00178851,212129296950.0,2767921186.0,2176000000.0,198379169937.0,10982205827.0,54368157725.0,144962082668.0,90593924943.0,82737461978.0,29781926210.0,71090688793.0,5000000000.0,6009253939.0,41587561665.0
00220622,64884055746.0,12245032509.0,15313000000.0,41458542247.0,11180480990.0,74983409717.0,93141622082.0,18158212365.0,43034117876.0,9256857141.0,16996174692.0,2575000000.0,6159775433.0,66137645046.0
00296263,19220153574.0,2753403099.0,1979000000.0,11721128360.0,4745622115.0,71215403696.0,112413216569.0,41197812873.0,67643376858.0,1458471100.0,17510413134.0,5677684000.0,12592334042.0,61489678752.0
00166315,1164322416812.0,1942106126.0,6641000000.0,1090492355419.0,71887955267.0,299726758366.0,808403060806.0,508676302440.0,370213538925.0,117405872766.0,383081095724.0,17460205000.0,4899151185.0,293549521041.0
00165060,142113513119.0,14922324990.0,12890000000.0,105008590678.0,22182597451.0,349045500124.0,381305426357.0,32259926233.0,269227063426.0,68718774281.0,18771110270.0,6806616000.0,23843597638.0,311115897827.0
00129350,254537566886.0,37278333214.0,29819000000.0,193540771277.0,23718462395.0,153895156314.0,214833603174.0,60938446860.0,101407330948.0,23078488394.0,53405414959.0,10395000000.0,4514451812.0,131941439173.0
00131197,257673136367.0,7969509597.0,3106000000.0,240194730309.0,9508896461.0,107664342823.0,221983443098.0,114319100275.0,91524629322.0,56361162215.0,104790340546.0,23737295000.0,24604717921.0,27124547771.0
00260408,1164970052153.0,20207651634.0,-8279000000.0,1016978390021.0,127784010498.0,299970907953.0,979237806149.0,679266898196.0,443249612594.0,111228808100.0,632098904415.0,18363971500.0,101047327388.0,215278716673.0
00170877,88418165158.0,16490054365.0,14257000000.0,68878271758.0,3049839035.0,79395895946.0,91083609800.0,11687713854.0,55138122884.0,12257460446.0,8178775314.0,3533010000.0,56400570.0,96542921694.0
00188089,1259801685199.0,106549798864.0,85261000000.0,508407455969.0,644844430366.0,1045554282487.0,1323644544934.0,278090262447.0,719847891277.0,447593653037.0,218044654314.0,12315000000.0,122204783737.0,948787187455.0
00664048,73657576436.0,2817909297.0,1934000000.0,55148219485.0,15691447654.0,71947147592.0,94123632804.0,22176485212.0,67259334246.0,15288605914.0,22087433242.0,4568472000.0,26148672773.0,42131884719.0
00102113,358802385700.0,23555055195.0,16373000000.0,274054354129.0,61192976376.0,237433140599.0,472081003161.0,234647862562.0,251884674495.0,141253404314.0,192593605867.0,20393182500.0,38674261647.0,159297908344.0
00551920,83240333171.0,22960501475.0,19245000000.0,23136103757.0,37143727939.0,105692613892.0,122741537389.0,17048923497.0,101680178785.0,5840463982.0,12831106294.0,4103680500.0,45133180903.0,59084551927.0
00305668,152727147693.0,-3822325306.0,-8321000000.0,142337472349.0,14212000650.0,212975338468.0,255546739423.0,42571400955.0,140725991964.0,15191330372.0,26268769697.0,9600000000.0,9620241729.0,196756436103.0
00172936,354691269674.0,-979068265.0,3751000000.0,339048632346.0,16621705593.0,353804848260.0,404853414806.0,51048566546.0,274097270028.0,72780359125.0,39206478101.0,12126075000.0,14534660385.0,342158640036.0
00176516,209435313758.0,34327290781.0,27683000000.0,165793394095.0,9314628882.0,239409630901.0,281692945907.0,42283315006.0,184009182983.0,1217558147.0,38745094728.0,3000000000.0,6535279184.0,230046721916.0
00937324,6883268577435.0,543964831621.0,419513000000.0,4961117130614.0,1183210434541.0,7187217113570.0,10164607903070.0,2977390789500.0,4113714818383.0,1725393474983.0,2131084242262.0,61937534500.0,2971745780697.0,4343703619857.0
00161976,2770973542736.0,97679104732.0,3148000000.0,2090587823583.0,582706614421.0,595905875107.0,1731430277344.0,1135524402237.0,994303227429.0,407615876008.0,946918113210.0,20000000000.0,2655888105.0,253650421281.0
00463342,46489682257.0,3794649404.0,15227000000.0,33488948710.0,9206084143.0,102720349266.0,116425610938.0,13705261672.0,66070800821.0,13631348494.0,11558919305.0,5949131500.0,30491270425.0,68780661008.0
00126779,191124194318.0,6440918806.0,4952000000.0,172668595223.0,12014680289.0,108828285164.0,208472995235.0,99644710071.0,79086803257.0,43572905597.0,86372598004.0,5500000000.0,4750459800.0,98577825364.0
01032413,381400317567.0,27024997834.0,18332000000.0,324346848229.0,30028471504.0,208538116868.0,326587242970.0,118049126102.0,127523421568.0,48364200982.0,88484843665.0,85000000000.0,21792519669.0,101748973805.0
00154462,6284255176037.0,498249817871.0,133733000000.0,1641834345611.0,4144171012555.0,6480146830239.0,8281393134177.0,1801246303938.0,2905906252318.0,524543689212.0,1225875538217.0,47997075000.0,-21656351416.0,2648285672923.0
00656951,82316729867.0,9407462886.0,4691000000.0,41680693676.0,31228573305.0,36374615787.0,90207539154.0,53832923367.0,55404587550.0,2964019915.0,51840889471.0,5495554500.0,16277665748.0,23645581140.0
00125938,367007847029.0,45664518560.0,28761000000.0,279280093999.0,42063234470.0,393203381981.0,530767248625.0,137563866644.0,130316805662.0,25310450022.0,68368208847.0,8085000000.0,3165053413.0,344455658440.0
00256380,408486202801.0,8864171288.0,8283000000.0,382240125700.0,17381905813.0,169630749267.0,211559224811.0,41928475544.0,105519181529.0,16562904671.0,27102375972.0,11142469000.0,27810185521.0,137315733826.0
00132318,202365162366.0,6972727881.0,6167000000.0,165855632312.0,29536802173.0,439264456574.0,502049444265.0,62784987691.0,243293199432.0,129014760606.0,23703885973.0,14300000000.0,3959250423.0,434572053929.0
00407771,31808599406.0,-2468694648.0,-2956000000.0,23400816681.0,10876477373.0,27335489300.0,32605732657.0,5270243357.0,13457325425.0,4670232306.0,4711293366.0,5984020000.0,9326141058.0,16239949739.0
00184667,1457764778230.0,128015520537.0,19602000000.0,1185559842194.0,144189415499.0,791395225729.0,4527888217431.0,3736492991702.0,411657733202.0,8568572564.0,637154244028.0,38655431500.0,482336722052.0,264364492467.0
01032404,438905517930.0,74075199972.0,54484000000.0,343895338936.0,19576372473.0,254551408668.0,386373979056.0,131822570388.0,207420157897.0,48569279106.0,116137192600.0,14771779000.0,23378592429.0,214480948714.0
00164502,166710367419.0,3354150616.0,4097000000.0,153963120700.0,9393096103.0,101894577894.0,141735192079.0,39840614185.0,95563887266.0,6969274421.0,37049305775.0,7670000000.0,15296403616.0,81759309963.0
00145598,131557875304.0,7898092876.0,5940000000.0,57296352723.0,66363429705.0,222291597722.0,274482251833.0,52190654111.0,131584785641.0,24006260584.0,33034527455.0,8385000000.0,13831805884.0,203998991625.0
00106368,4977931637637.0,367758876376.0,294601000000.0,4412486023355.0,197686737906.0,2629571508396.0,4538042397798.0,1908470889402.0,1261435503491.0,469472369067.0,1275639574023.0,167455885000.0,356465907661.0,2186700559548.0
00797364,300551682231.0,8504680068.0,1931000000.0,265505938554.0,26541063609.0,76228698374.0,332019580962.0,255790882588.0,240910194305.0,30656330739.0,215464035545.0,6500000000.0,-2965859690.0,32950127257.0
00144395,502235935419.0,38471985738.0,136936000000.0,418423975726.0,45339973955.0,1351941869855.0,1478277015581.0,126335145726.0,729818738168.0,32354661823.0,55883838311.0,49850000000.0,-2858921712.0,1227763133955.0
00360595,18270050465618.0,876537578535.0,502323000000.0,16903573993032.0,489938894051.0,4670280114445.0,10129735810035.0,5459455695590.0,5054300918433.0,1033140640024.0,3413465073270.0,18750000000.0,153618863259.0,4492540373793.0
00398668,87987307040.0,11721880676.0,8334000000.0,51650822560.0,24614603804.0,94432554727.0,151897854444.0,57465299717.0,53284869048.0,22912351583.0,34478031577.0,5941435500.0,13115580480.0,74428612803.0
00231707,37376711760.0,6072519573.0,7093000000.0,26310646020.0,4993546167.0,49043483510.0,62486547209.0,13443063699.0,22834483053.0,539661403.0,8704228189.0,8311646500.0,11618659696.0,29113177314.0
00133858,1139007566213.0,105678424154.0,78356000000.0,941740445861.0,91588696198.0,1054689601337.0,1510688832503.0,455999231166.0,892044780438.0,197284267489.0,428158049112.0,7000000000.0,57926524761.0,999441404019.0
00165343,260857962366.0,11803676728.0,4636000000.0,220858644222.0,28195641416.0,95544709155.0,218339706970.0,122794997815.0,129825892868.0,73921575833.0,116378830606.0,6356373500.0,4050696876.0,101237693764.0
00398701,313264234672.0,-7662576802.0,-8809000000.0,298054016360.0,22872795114.0,131820532562.0,416201278724.0,284380746162.0,206225288157.0,138611898429.0,187498227371.0,12379364500.0,80036228474.0,34830793775.0
00120021,6575339000000.0,1024098000000.0,1079949000000.0,5216657000000.0,334584000000.0,19021021000000.0,22434630000000.0,3413609000000.0,3939057000000.0,62402000000.0,2244801000000.0,879359000000.0,2363147000000.0,15699266000000.0
01063990,13825738424.0,116189565.0,1089000000.0,8104954417.0,5604594442.0,24625136428.0,27198177308.0,2573040880.0,15550812753.0,2181267791.0,1989416111.0,1779845400.0,11207771224.0,12785199861.0
00156354,477535110323.0,8509762334.0,2735000000.0,414443027238.0,47133921550.0,233682086763.0,486911659993.0,253229573230.0,214917593696.0,82270635886.0,172990758251.0,9536140000.0,13265322876.0,205235706827.0
00113234,1204394671000.0,29481279000.0,14431000000.0,1073614732000.0,103442912000.0,464321365000.0,1143146276000.0,678824911000.0,522436777000.0,212178426000.0,404250673000.0,24044835000.0,11055195000.0,247845383000.0
00160232,231240042004.0,52934661884.0,23249000000.0,167598554220.0,10706825900.0,278908225646.0,946735262929.0,667827037283.0,65472148665.0,10607512289.0,171951614217.0,11592940000.0,3457211536.0,250485519294.0
00131692,460728389318.0,47404022867.0,31719000000.0,369360374744.0,39075597327.0,328994625140.0,708861042205.0,379866417065.0,264590901712.0,141009306879.0,196328591579.0,6084556500.0,38543614684.0,269959255005.0
00125743,733254620862.0,36519475120.0,21775000000.0,659811067708.0,30274058267.0,402973368533.0,608637133792.0,205663765259.0,365202800016.0,141773155562.0,92118754966.0,75943315000.0,992775657.0,326361815607.0
00445799,302903887367.0,16903712098.0,12670000000.0,271910974222.0,14089201047.0,160839139143.0,201386875984.0,40547736841.0,143562212332.0,20798562613.0,40266545163.0,9300000000.0,9898667693.0,140764125588.0
00141556,157071564592.0,12596995489.0,3765000000.0,85497423784.0,58977145319.0,106199148123.0,250898221875.0,144699073752.0,87866766839.0,44543102111.0,111465750038.0,5381445000.0,14439038216.0,93885365108.0
00126201,75226694991.0,-4080430800.0,4756000000.0,69750913560.0,3162527388.0,218743328988.0,258430844508.0,39687515520.0,126689287550.0,10349710370.0,34986552606.0,4063157000.0,782182357.0,209355678638.0
00549891,64698623362.0,35375014087.0,28019000000.0,11003474850.0,18320134425.0,216876079065.0,231847040571.0,14970961506.0,177457905358.0,5446306532.0,9041022145.0,5371500000.0,4544364700.0,270758344539.0
00225706,170220779246.0,29748961849.0,21938000000.0,121616016250.0,18855801147.0,122615498916.0,201403949401.0,78788450485.0,59855689876.0,15776702784.0,66870912817.0,39586385000.0,28335029857.0,54694084059.0
00226316,309781548083.0,19326035963.0,2748000000.0,246282317575.0,44173194545.0,124483504648.0,292309122224.0,167825617576.0,181027635156.0,99738175742.0,119818992207.0,4978867500.0,57656478622.0,97117398004.0
01074862,437346199788.0,59636102296.0,48427000000.0,187264043711.0,190477498262.0,250557082174.0,432816424520.0,182259342346.0,90650241274.0,6860151077.0,147571796686.0,1182188000.0,158616239264.0,86975121002.0
01009789,1330652928971.0,53995136812.0,18320000000.0,1147183004508.0,129474787651.0,316472578756.0,1204354192976.0,887881614220.0,618284149917.0,208921488681.0,716394132114.0,5024754500.0,182032389667.0,161503222313.0
00365758,45567582697.0,4303605442.0,5725000000.0,26751395672.0,14512581583.0,55108723974.0,72454409937.0,17345685963.0,26968907365.0,5319688151.0,15294391531.0,8781277000.0,23503375138.0,25211059047.0
00287788,93567446701.0,13395135005.0,7674000000.0,67382907476.0,12789404220.0,63970605176.0,110789767170.0,46819161994.0,18405699184.0,5518386279.0,20082509187.0,8478776000.0,29662183968.0,35308520880.0
00228536,248611599382.0,3064876498.0,1160000000.0,213362624575.0,32184098309.0,189898508657.0,280365328171.0,90466819514.0,190998091223.0,117326181985.0,79456840322.0,8957972000.0,34809191272.0,143230179325.0
00242934,127562229644.0,7176115501.0,6395000000.0,103543692771.0,16842421372.0,84437632835.0,132219693356.0,47782060521.0,72468943915.0,27498479108.0,38779466599.0,5071085000.0,20902407802.0,59031258390.0
00157070,772133924961.0,33514449978.0,31868000000.0,679051880920.0,59567594063.0,710190467892.0,885601835659.0,175411367767.0,399432421087.0,105616453377.0,122455786936.0,5207500000.0,25704895831.0,675990967224.0
00371485,403474312388.0,26318608725.0,16589000000.0,334649171940.0,42506531723.0,99357114215.0,294088094195.0,194730979980.0,137738029673.0,43441725000.0,146906513447.0,7286147500.0,53013623186.0,39365412417.0
01093007,520302892983.0,25954854598.0,16023000000.0,472053748321.0,22294290064.0,161228450529.0,359661266694.0,198432816165.0,244732802519.0,115587515067.0,191705559131.0,15312439500.0,89259162173.0,39176641698.0
00130684,1361002172120.0,10457973561.0,29464000000.0,1175103019795.0,175441178764.0,967816897827.0,1583402074863.0,615585177036.0,735450340210.0,1532910857.0,331602616718.0,35000000000.0,23171528126.0,955308730547.0
00146269,496199335849.0,13589459419.0,7980000000.0,403461311288.0,79148565142.0,723200210906.0,953608709325.0,230408498419.0,383837272221.0,120554359343.0,131471926452.0,12000000000.0,13637240869.0,686731698887.0
00916516,53767238678.0,5813142782.0,5303000000.0,35469268471.0,12484827425.0,64066641948.0,89302190707.0,25235548759.0,38523335730.0,11887479787.0,23979216345.0,3670645500.0,34670472578.0,35658735580.0
00524786,74362153244.0,6376364297.0,5385000000.0,54685889566.0,13299899381.0,70374093504.0,117489333545.0,47115240041.0,70169687017.0,34293233016.0,40503486246.0,4073264500.0,23895015513.0,43598676503.0
00529815,41649156614.0,1198876806.0,2138000000.0,37921207169.0,2529072639.0,117527034791.0,124506785526.0,6979750735.0,54287665972.0,8558316524.0,4597898900.0,5873304500.0,17634548293.0,99961756093.0
00298340,318857509030.0,27106998281.0,22986000000.0,257465849893.0,34284660856.0,167830130138.0,265663604739.0,97833474601.0,171773865451.0,6457136466.0,93213119064.0,7915000000.0,76821599914.0,91914258005.0
00267979,108719610494.0,2343129218.0,1668000000.0,100813815388.0,5562665888.0,93404018498.0,120889634121.0,27485615623.0,51708242116.0,21564655791.0,11445880264.0,1755000000.0,1302983867.0,88770444276.0
00520887,199386233396.0,21937198122.0,11156000000.0,95992403769.0,81456631505.0,214408237577.0,286170370038.0,71762132461.0,149287848995.0,16890270038.0,64612083492.0,6498370500.0,57530353931.0,166532309389.0
00423177,132195565345.0,7646361964.0,8316000000.0,73313923755.0,51235279626.0,102973963761.0,155740434450.0,52766470689.0,80310604616.0,20946391530.0,30366816836.0,6752955500.0,17369459503.0,84579568272.0
00508344,454720099303.0,82257926441.0,44903000000.0,322733255646.0,49728917216.0,361424752484.0,1396932626675.0,1035507874191.0,818201931760.0,437678208948.0,567434908861.0,18990164000.0,163171814279.0,172316917218.0
00306162,541349884676.0,182373179358.0,120386000000.0,293267573726.0,65709131592.0,618663099304.0,3627156734872.0,3008493635568.0,2761075482410.0,8127413611.0,2612867544872.0,57187237000.0,414771920.0,484509071232.0
00379229,140167603892.0,10000951059.0,9535000000.0,116775909253.0,13390743580.0,88835953738.0,135282080317.0,46446126579.0,58089327114.0,11510583003.0,38147200422.0,13066653000.0,33858900032.0,37576233071.0
00122579,170589026967.0,23393686890.0,27773000000.0,101169466025.0,46025874052.0,434327453651.0,693882852856.0,259555399205.0,118321885500.0,45676332163.0,109379625182.0,4200000000.0,7962609624.0,423837613913.0
00149770,65702344320.0,638178300.0,615000000.0,53921816113.0,11142349907.0,45123992118.0,61575390254.0,16451398136.0,4675589933.0,1958164612.0,14349625280.0,3113565000.0,27718747567.0,21573653289.0
00415628,295855537321.0,9354574729.0,2367000000.0,271659826099.0,14841136493.0,162334095484.0,408589323391.0,246255227907.0,137888358453.0,72817405965.0,202170738914.0,21986360000.0,9459890388.0,126333479551.0
00163345,238505592826.0,18493009586.0,4404000000.0,182396061305.0,37616521935.0,210991207819.0,363158130330.0,152166922511.0,83915480175.0,7259676438.0,59208483421.0,100586966500.0,113154910050.0,48111251010.0
00357935,835108420965.0,34065370336.0,13171000000.0,749113172019.0,48436067042.0,283455124540.0,547277769174.0,263822644634.0,358583317473.0,88778799133.0,217135089070.0,17200000000.0,32477081957.0,258872140047.0
00356361,28625042000000.0,895648000000.0,313365000000.0,23779235000000.0,3950159000000.0,17383789000000.0,34024426000000.0,16640637000000.0,11869724000000.0,5033721000000.0,8941529000000.0,391406000000.0,2274620000000.0,14798690000000.0
00131939,89348990459.0,-1673026428.0,-2154000000.0,82793151153.0,8228865734.0,86521132019.0,167027319234.0,80506187215.0,71491002132.0,6853516575.0,40419094279.0,9000000000.0,14691711099.0,42716443235.0
00139719,427959617992.0,13166690624.0,1391000000.0,309583976045.0,61345778162.0,330953644126.0,847036890940.0,516083246814.0,400595688396.0,292125534333.0,342441021520.0,16010333500.0,84834585295.0,239011230865.0
00161383,120377520384.0,13725362614.0,19263000000.0,70270546248.0,23958366418.0,219705201804.0,257474681329.0,37769479525.0,129499857299.0,38941744979.0,31765712250.0,12716420500.0,47889958498.0,208881643066.0
00152880,3484145937699.0,125551953688.0,48780000000.0,3112311422131.0,246282561880.0,467791864600.0,2218144016184.0,1750352151584.0,993943531192.0,171925757214.0,1285755111409.0,127682825000.0,123759609293.0,225738900652.0
00896285,2096387000000.0,81564000000.0,33824000000.0,1712653000000.0,237927000000.0,1294470000000.0,2388160000000.0,1093690000000.0,807490000000.0,272470000000.0,400105000000.0,53299000000.0,861236000000.0,240361000000.0
00109824,183586181950.0,-2472635679.0,-11646000000.0,160081506219.0,25977311410.0,91716202696.0,179479976890.0,87763774194.0,102648525947.0,51144765433.0,66581448085.0,16425000000.0,71228262635.0,2996686373.0
00136624,176200739827.0,1427380444.0,3814000000.0,70576551121.0,104196808262.0,309354544688.0,338950789851.0,29596245163.0,147281688761.0,53431097725.0,18292182970.0,4500000000.0,51608536398.0,251075920274.0
00398792,976273915234.0,89214778793.0,2421000000.0,823009026108.0,64050110333.0,735968967644.0,1038905998088.0,302937030444.0,625855314118.0,130080223723.0,241124000414.0,73115680000.0,69538731270.0,598985368538.0
00113243,933866093002.0,23483614049.0,16993000000.0,754147337277.0,156235141676.0,759848294154.0,1005108274460.0,245259980306.0,430988631536.0,119286946049.0,178294172598.0,8450000000.0,35754935201.0,699874921995.0
00172291,262663608429.0,66796148493.0,51026000000.0,113379968588.0,82487491348.0,363005013766.0,727012780633.0,364007766867.0,102028657923.0,1490737355.0,95090806246.0,15738996500.0,195621128051.0,180868730813.0
00335076,157437309085.0,2556368745.0,1361000000.0,123620954022.0,31259986318.0,73226014251.0,134513815155.0,61287800904.0,84574792172.0,11551225110.0,59495633368.0,15711191500.0,29467270657.0,18583648365.0
00527464,47420587988.0,7212555742.0,6085000000.0,27641645552.0,12566386694.0,49749709794.0,75458914638.0,25709204844.0,26433130163.0,204595473.0,20911369719.0,3434825500.0,17559195781.0,29157088879.0
00583424,5580142192519.0,427834596504.0,238804000000.0,1500515578424.0,3651792017591.0,4498840803125.0,5989007790647.0,1490166987522.0,1803063670498.0,452589071942.0,1066567435582.0,34508160000.0,10807414056.0,3873789578852.0
00260569,179032324211.0,23982988751.0,22022000000.0,110767230694.0,44282104766.0,123779186372.0,167715641809.0,43936455437.0,127609372370.0,21343135172.0,41008312166.0,15332111500.0,13072598310.0,97839456989.0
00153278,159678958664.0,355868724.0,-2989000000.0,154675613317.0,4647476623.0,67008556076.0,156275834634.0,89267278558.0,74707977910.0,5403664572.0,80773538617.0,5825000000.0,9774547516.0,53025706923.0
00405278,192191690801.0,34781044256.0,17606000000.0,100126669388.0,57283977157.0,237463230444.0,450696701736.0,213233471292.0,308975279296.0,222373028.0,198792087412.0,14953478500.0,109842036848.0,112362069984.0
00111847,960215102441.0,26938915914.0,16026000000.0,864259276659.0,69393204848.0,587299074656.0,1047989108475.0,460690033819.0,321885481351.0,78995013651.0,371988119726.0,31000000000.0,19095272352.0,440977529169.0
00122348,131906970825.0,2106443512.0,5745000000.0,112122830914.0,17677696399.0,189820103538.0,236858930844.0,47038827306.0,148401104142.0,36470721347.0,41695996102.0,21157045000.0,7996681457.0,85796885591.0
00135111,157806090500.0,7237422182.0,145000000.0,126108201728.0,24460466590.0,100356148239.0,183159348285.0,82803200046.0,85858733501.0,45340732337.0,54236754644.0,26993091500.0,491584852.0,72907531908.0
00226866,910477910132.0,70671748650.0,35652000000.0,772067217148.0,67738944334.0,520921000330.0,692183153507.0,171262153177.0,390487696529.0,25707581577.0,156644008425.0,8600000000.0,14926564248.0,413294606723.0
00136402,263013506964.0,-309065510.0,-34342000000.0,238421041259.0,24901531215.0,90642355645.0,199873920742.0,109231565097.0,65751386377.0,14187474025.0,64239964306.0,5914429000.0,34708673258.0,5579739976.0
00126937,2488563000000.0,79376000000.0,30873000000.0,2025132000000.0,299691000000.0,2029507000000.0,3589514000000.0,1560007000000.0,1259478000000.0,306755000000.0,527131000000.0,44342000000.0,379702000000.0,984852000000.0
00137368,156878424610.0,11352980985.0,19541000000.0,132302544294.0,13222899331.0,68897850903.0,185645915217.0,116748064314.0,113965126519.0,11164751768.0,114363470220.0,17479350000.0,-8513617365.0,60294271648.0
00274933,1320103297180.0,22160381500.0,4353000000.0,1147420696515.0,150522219165.0,315100964015.0,733262621980.0,418161657965.0,283897472425.0,121711489509.0,260520251144.0,19362400000.0,67972857928.0,227765706087.0
01159853,365018984889.0,48397657130.0,37413000000.0,165024437356.0,151596890403.0,198221319313.0,300341675410.0,102120356097.0,200978238622.0,54100378100.0,96213051824.0,4491878500.0,73659362461.0,118703134117.0
00246417,206470463250.0,7100164927.0,11846000000.0,160346635193.0,39023663130.0,393787197478.0,446385712806.0,52598515328.0,246642872319.0,110102351473.0,52326110212.0,6159775000.0,77354611378.0,306115825819.0
00442048,75410526037.0,5431636252.0,7727000000.0,62899127930.0,7079761855.0,136087802021.0,144778503376.0,8690701355.0,39211788550.0,1118675234.0,7923005856.0,8153750000.0,33216466150.0,108224858560.0
00225159,1512114564701.0,126277061201.0,62523000000.0,1284171398283.0,101666105217.0,1625933046961.0,2236679025435.0,610745978474.0,1266526398298.0,229809615419.0,405603646941.0,8351943000.0,249406869890.0,528025970952.0
00156691,528998203947.0,22038425771.0,16263000000.0,482323697554.0,24636080622.0,323034621681.0,464725240306.0,141690618625.0,203736502312.0,5905001882.0,49711152536.0,15831775000.0,7527904971.0,259095997357.0
00113997,550214000000.0,46850000000.0,46850000000.0,472815000000.0,30549000000.0,824211000000.0,1036929000000.0,212718000000.0,592714000000.0,83941000000.0,100985000000.0,23055000000.0,385444000000.0,8717000000.0
00132992,3389454157211.0,73354786854.0,39317000000.0,3126039657411.0,59527968687.0,1316206737970.0,3446277583805.0,2130070845835.0,1474684694217.0,437534523396.0,1683446587191.0,40000000000.0,102562120165.0,995820045275.0
00103662,131864294017.0,7985837022.0,7118000000.0,117038700967.0,6839756028.0,105398860464.0,156712705142.0,51313844678.0,87126905864.0,7915758168.0,45133574155.0,21668807500.0,21043035465.0,53890775399.0
00108940,918567910220.0,23867646286.0,17927000000.0,792641091962.0,102059171972.0,539809803186.0,1135842550336.0,596032747150.0,303420986958.0,838456365.0,325860273188.0,16089459000.0,28521914331.0,401651604254.0
00102858,6694810889702.0,805328836892.0,638613000000.0,5743570626840.0,145911425970.0,6838391895409.0,7840561221499.0,1002169326090.0,4597942700017.0,1555733552612.0,704279137809.0,94350000000.0,56572486272.0,6591700813506.0
00145880,20512590431956.0,331297506282.0,17105000000.0,19115157896604.0,1066135029070.0,17233740124645.0,34366332508379.0,17132592383734.0,9578737698343.0,5415551805006.0,6420343347706.0,667228925000.0,3914481193065.0,11488335873492.0
00223434,125729653931.0,18873234253.0,18279000000.0,75583411023.0,31273008655.0,113154369086.0,181134486476.0,67980117390.0,62138712397.0,22605460744.0,46709686008.0,10116907000.0,38111725034.0,70724882210.0
00239596,109747055224.0,5748266774.0,1920000000.0,90057389351.0,13941399099.0,79159922939.0,157234050498.0,78074127559.0,61088690946.0,12453690725.0,54503284775.0,16916460500.0,34687056415.0,28601997176.0
00176914,3245501142727.0,507538852790.0,185320000000.0,2341676757484.0,396285532453.0,2664225769177.0,24171439543661.0,21507213774484.0,19960507853983.0,66822083.0,18757680189007.0,22433308500.0,275603844743.0,1058599745012.0
00533508,83264957058.0,2030896189.0,957000000.0,73852190239.0,7381870630.0,55263944245.0,71663175030.0,16399230785.0,41272959617.0,4342392154.0,13839924664.0,8374120000.0,5820139053.0,40028600421.0
00228350,254429113279.0,16338863729.0,9473000000.0,219041316943.0,19048932607.0,96587542859.0,184128026293.0,87540483434.0,71096750964.0,23923690443.0,82762740962.0,14567545500.0,68836834392.0,13155020792.0
00103644,312975670470.0,37395107378.0,29787000000.0,246288755114.0,29291807978.0,247035752551.0,367544312787.0,120508560236.0,159338249842.0,40283425748.0,98474836406.0,11176936500.0,52619252866.0,91002227603.0
00631518,49876534172000.0,1269292250000.0,65775000000.0,46745610183000.0,1861631739000.0,18209623762000.0,39526056607000.0,21316432845000.0,17352776869000.0,6495210174000.0,10456380735000.0,468569950000.0,4629395914000.0,12175219414000.0
00234412,1425001391547.0,84491939395.0,73978000000.0,588094109378.0,752415342774.0,599297424875.0,1128879552270.0,529582127395.0,436317471701.0,263433613675.0,292334884529.0,35700000000.0,119761403251.0,443352152236.0
00244747,51973741930.0,8035712410.0,8506000000.0,17774532423.0,26163497097.0,44363295839.0,60509518253.0,16146222414.0,54237478304.0,16781737369.0,15031247726.0,3332527500.0,14583699485.0,26220967964.0
00557933,77872969340.0,-2921232996.0,-2731000000.0,46974051302.0,33820151034.0,100084150071.0,145086134401.0,45001984330.0,88884409710.0,68483488690.0,43412003936.0,6231827000.0,70297302771.0,23518374491.0
00155638,50670722780.0,-1739809622.0,2533000000.0,44460278717.0,7950253685.0,143189252770.0,168595348287.0,25406095517.0,106629392417.0,4969874789.0,18275155195.0,9834621500.0,18802747765.0,116734369652.0
00121686,731615144699.0,126697645513.0,76913000000.0,584085631303.0,20831867883.0,873676727894.0,1831423712674.0,957746984780.0,197652368231.0,57520460739.0,337541774578.0,10903844500.0,24602399178.0,296141329951.0
00207755,1230358734740.0,121125756936.0,109755000000.0,422492433238.0,686740544566.0,1147196578129.0,1446961556445.0,299764978316.0,671073659061.0,45752675241.0,282043598564.0,32812500000.0,110531907852.0,1112609840632.0
00414601,335250952214.0,6862123694.0,25446000000.0,302454098568.0,25934729952.0,214435786346.0,349702333313.0,135266546967.0,191273959366.0,68629883635.0,127481855667.0,13618612500.0,12902238296.0,184961333945.0
00361381,110144570299.0,10461824797.0,5800000000.0,71005266192.0,22019452954.0,123609459939.0,180112579145.0,56503119206.0,81571460321.0,24937323905.0,54311819082.0,3165454000.0,48173270847.0,87025863959.0
00366942,236170141901.0,38238425477.0,21976000000.0,126828366594.0,71103349830.0,168787395188.0,404978177732.0,236190782544.0,168047918728.0,18729353757.0,107410052061.0,15658301500.0,73884369535.0,27379785348.0
00171265,979432908913.0,51868333792.0,15105000000.0,839893380367.0,30531504482.0,1604202580653.0,3470353602407.0,1866151021754.0,498624595905.0,6191060102.0,632416773041.0,47032355000.0,295020106467.0,644256345541.0
00269612,1107914322668.0,50574512602.0,55424000000.0,999788404383.0,56920904407.0,240372896533.0,411390410733.0,171017514200.0,209325025770.0,85463541387.0,167634261337.0,17442716000.0,144830646665.0,80131829829.0
00442570,323487856346.0,18187672794.0,14176000000.0,241623927819.0,63676255733.0,228826484204.0,381353567601.0,152527083397.0,245969680408.0,113968672851.0,133192763056.0,5192000000.0,37489613110.0,182929283649.0
00126362,10097426164132.0,462176462269.0,356549000000.0,7882255450606.0,1752994251257.0,12660345195136.0,19852096448004.0,7191751252868.0,5181414896890.0,1707920528827.0,3741522650216.0,356712130000.0,5001974693202.0,6906868477500.0
00218575,243584029426.0,18780395426.0,31640000000.0,201112817468.0,23690816532.0,294161416433.0,399117766339.0,104956349906.0,179457188865.0,59154878186.0,58462017427.0,7000000000.0,4775422866.0,237444649359.0
01113754,75770273062.0,12804587400.0,11383000000.0,56612763142.0,6352922520.0,68042220897.0,81136732304.0,13094511407.0,40547395197.0,7786876894.0,13038160386.0,5001317000.0,22300364342.0,39604156603.0
00392691,95068907435.0,5871845112.0,3366000000.0,65154935297.0,24042127026.0,132635392159.0,187733153124.0,55097760965.0,59000829354.0,24179241268.0,50403291128.0,7211195900.0,111386840398.0,-7850206452.0
00293886,386234284231.0,51392295526.0,41158000000.0,257083691064.0,77758297641.0,153280421137.0,276306305017.0,123025883880.0,151723202578.0,60043095091.0,107925950558.0,8936712500.0,72672683304.0,93506887237.0
00152783,66630534869.0,13906824074.0,14303000000.0,39646242211.0,13077468584.0,140474820736.0,153773823042.0,13299002306.0,102816184778.0,14298113787.0,8250555256.0,4524000000.0,11898447836.0,127890082816.0
00936787,1017022177644.0,46852557491.0,30373000000.0,921269326423.0,48900293730.0,360000659405.0,492826341443.0,132825682038.0,298123437780.0,84961950202.0,121169917224.0,16020000000.0,114152252279.0,237746955864.0
00298377,121604632064.0,14295627577.0,11152000000.0,87255802557.0,20053201930.0,147055395965.0,203772358055.0,56716962090.0,131397303916.0,58508655281.0,47154563217.0,8759989000.0,65810510013.0,81676222020.0
00119195,307150025786.0,9917746256.0,9394000000.0,185418314591.0,95552100802.0,300874594398.0,376028553041.0,75153958643.0,235456988153.0,33430792052.0,55714626995.0,27931470000.0,27069234981.0,246728302015.0
00199988,288514645231.0,10739999751.0,10016000000.0,254109810456.0,23664835024.0,110921262396.0,238431134492.0,127509872096.0,129374280585.0,25209569969.0,114270995082.0,8000000000.0,8289625997.0,92325899781.0
00115977,964111879557.0,66240705036.0,66057000000.0,735161184855.0,162709989666.0,1273558138420.0,2883776426203.0,1610218287783.0,1701687455619.0,704800406208.0,852502144382.0,15446303000.0,399331929154.0,675672391041.0
00143907,255805707167.0,9202374700.0,9938000000.0,235712759181.0,11380045839.0,118013582165.0,224025381383.0,106011799218.0,135943440486.0,36459448971.0,81437790018.0,2200000000.0,480000000.0,115438916329.0
00133876,615709105418.0,-8949531943.0,-7586000000.0,614068248284.0,10590389077.0,148385973073.0,289059466515.0,140673493442.0,234335685357.0,6289380173.0,136069667585.0,5265000000.0,526141894.0,142463983754.0
00109161,41832103994.0,1191403928.0,9823000000.0,30506608885.0,10134091181.0,118491356273.0,135621494696.0,17130138423.0,51061345533.0,1773025297.0,9788116798.0,5800000000.0,12090859473.0,77267694270.0
00540447,198326409512.0,29972326193.0,25525000000.0,131461917004.0,36892166315.0,160827042254.0,195733301872.0,34906259618.0,134041978532.0,17402958811.0,16963178144.0,10567063000.0,28123252179.0,124132151457.0
00256715,102095769190.0,-5966921255.0,-8270000000.0,73665131145.0,34397559300.0,204958648739.0,252484287184.0,47525638445.0,78834554990.0,16017909484.0,33853249801.0,8929152000.0,26548270555.0,169711448415.0
00144818,90877644152.0,8074727045.0,4722000000.0,44267328889.0,38535588218.0,90544666584.0,137718626620.0,47173960036.0,65053890378.0,17015981266.0,42495630313.0,8042972000.0,11628526786.0,42716572764.0
00347062,106310862177.0,14460451717.0,10849000000.0,67032808512.0,24817601948.0,155723549485.0,209051967983.0,53328418498.0,72750758715.0,40112269718.0,22093452959.0,7500000000.0,19639150324.0,124251362452.0
00122481,186439232760.0,3869512949.0,4072000000.0,148403078759.0,34166641052.0,202835599293.0,301367427835.0,98531828542.0,103098154408.0,22168279064.0,69914637133.0,13791550000.0,28520190803.0,69211755332.0
00201742,203475025789.0,2232743331.0,2314000000.0,187333276221.0,13909006237.0,107699895745.0,132900384546.0,25200488801.0,68033004903.0,15121186751.0,20407729122.0,5760000000.0,1138041599.0,98349904720.0
00866062,92053187716.0,3712004441.0,761000000.0,67924761156.0,20416422119.0,91927643282.0,172657779774.0,80730136492.0,69526270633.0,7632217283.0,51983221334.0,3759971500.0,42809028731.0,46045458879.0
00165103,143937185321.0,8582865439.0,31094000000.0,121517635832.0,13836684050.0,82900652751.0,149502309732.0,66601656981.0,84312819264.0,25087659961.0,57221309543.0,5000000000.0,-415130071.0,72978333327.0
00260383,2074296474936.0,113849235921.0,106342000000.0,1913952306019.0,46494932996.0,1778610740513.0,2026475125984.0,247864385471.0,464161690311.0,161411346584.0,91414061518.0,41000000000.0,264297830279.0,1479129099579.0
00122472,168389466315.0,21205476805.0,16028000000.0,119978564051.0,27205425459.0,167346025001.0,328845192767.0,161499167766.0,66433174910.0,8980201987.0,94024815758.0,22459203500.0,57784790071.0,20389789938.0
00939687,261909973472.0,14446980316.0,8277000000.0,215508248012.0,31954745144.0,193488405191.0,281409709035.0,87921303844.0,153476256906.0,27690339280.0,71486072877.0,6675000000.0,102289000392.0,84524404799.0
00628189,652236815803.0,21653560926.0,-141460000000.0,280064807015.0,350518447862.0,481203213773.0,2462969353926.0,1981766140153.0,2248282164249.0,33713741702.0,1963193382251.0,67086624000.0,319642659186.0,103047747230.0
00528515,48373034650.0,1203271097.0,4364000000.0,34519038898.0,12650724655.0,80931716818.0,112841733325.0,31910016507.0,45350314907.0,11691383660.0,31555018559.0,5872489000.0,19421145256.0,55890970612.0
00129642,391905865913.0,15695395410.0,5491000000.0,305441162382.0,70769308121.0,176881299341.0,452252699743.0,275371400402.0,249510436869.0,96093306669.0,204522780594.0,10735725000.0,11453003575.0,162185798460.0
00133812,723284021805.0,16142572001.0,5494000000.0,652561251134.0,54580198670.0,818501553228.0,1107634793449.0,289133240221.0,229241678607.0,7967253328.0,174421202547.0,11498970000.0,27653324472.0,624500585370.0
00540863,168231753765.0,21908351650.0,17968000000.0,101887447211.0,44435954904.0,103310700519.0,136751561638.0,33440861119.0,88978443402.0,21844307108.0,31060761812.0,4658872500.0,6881001915.0,87791080068.0
00167031,104480159980.0,8887375482.0,7003000000.0,86460978782.0,9131805716.0,67488994991.0,92358267433.0,24869272442.0,47838286831.0,15130319009.0,21733179438.0,6161348000.0,2112341408.0,59769150030.0
01108099,183922452917.0,9283405926.0,9709000000.0,156573991061.0,18065055930.0,179474082613.0,241419346296.0,61945263683.0,111052683598.0,47123968758.0,40301578282.0,45504180000.0,68256270000.0,96355287518.0
00252135,259064128325.0,30944903614.0,26551000000.0,148926279463.0,79192945248.0,247817462572.0,450012280142.0,202194817570.0,105201784546.0,52487569002.0,122020197494.0,24124606000.0,109008136048.0,83699448160.0
00303396,110390879020.0,7190860038.0,7582000000.0,98691682130.0,4508336852.0,93995743966.0,128593746433.0,34598002467.0,66496426492.0,4997031293.0,17214761707.0,8035645000.0,9672316582.0,78845135352.0
00201733,75419428538.0,451684120.0,898000000.0,56463840234.0,18503904184.0,78231916667.0,105918757963.0,27686841296.0,33374673164.0,12686275472.0,13195588122.0,6965804500.0,10823077494.0,63689496152.0
00104388,1121448682521.0,42109678731.0,35110000000.0,994346808602.0,84992195188.0,528159841108.0,905420095055.0,377260253947.0,438749361308.0,134325365553.0,230929402829.0,29053080000.0,46225796228.0,459443608734.0
00231105,253271781604.0,26936736224.0,16877000000.0,202339444163.0,23995601217.0,94893401160.0,263075385960.0,168181984800.0,143368801763.0,77634121951.0,105623574085.0,13821804500.0,48041831782.0,35745028120.0
00126371,8040817645787.0,733968842460.0,514296000000.0,5989994608971.0,1316854194356.0,5430096885508.0,8674248229943.0,3244151344435.0,3507524565226.0,1271273631462.0,1850405466232.0,388003400000.0,1045201199091.0,1413912972039.0
00178790,482668664656.0,29344068269.0,24359000000.0,413817160034.0,39507436353.0,216340845072.0,284846703787.0,68505858715.0,174701726578.0,54975500904.0,54586185437.0,3930000000.0,22646380879.0,190755438644.0
00362201,66868599509.0,16907877520.0,9979000000.0,39441039896.0,10519682093.0,96176798827.0,104471828178.0,8295029351.0,60732751788.0,20743384773.0,7620386247.0,4380000000.0,3289368328.0,88479359719.0
00116949,929772577258.0,80229908423.0,68290000000.0,785979280673.0,63563388162.0,626101164680.0,911746199157.0,285645034477.0,431881632793.0,136947873948.0,268372943940.0,4997002500.0,2863679858.0,887953543640.0
00366845,1305900598482.0,70635749757.0,65760000000.0,1144321240240.0,90943608485.0,373488266830.0,596075357552.0,222587090722.0,343391273587.0,113415803981.0,213985020906.0,8324128500.0,44306705793.0,169353245803.0
00160588,50412399000000.0,1125717000000.0,89962000000.0,46659353000000.0,2627329000000.0,18263971000000.0,182286178000000.0,164022207000000.0,15242686000000.0,3915788000000.0,16002711000000.0,489550000000.0,485853000000.0,3600706000000.0
00168401,201404467525.0,12430194557.0,6547000000.0,157515543413.0,31458729555.0,163543703883.0,260180107120.0,96636403237.0,105632361497.0,17199097513.0,56464526119.0,5000000000.0,13067217594.0,91260867121.0
00246620,38516789197.0,4139211091.0,3812000000.0,26693218825.0,7684359281.0,36453133935.0,44863627111.0,8410493176.0,15357920934.0,0.0,5396192882.0,12077365000.0,8074121207.0,22303976950.0
00684714,2451305535330.0,41142663278.0,17618000000.0,2263690812784.0,146472059268.0,1383814314984.0,2562507866141.0,1178693551157.0,1245174941764.0,789638785342.0,763345152755.0,140121390000.0,494520021033.0,732573070414.0
01168143,671161594.0,174781691.0,21717000000.0,448185278.0,16382191.0,1305222521.0,1399329138.0,94106617.0,888368662.0,19059480.0,93076286.0,210481441.0,402401661.0,692339419.0
00135777,646815209246.0,94690808825.0,72267000000.0,482585824002.0,69538576419.0,573785937474.0,768604072999.0,194818135525.0,244296486265.0,33828253171.0,103697683479.0,20148910000.0,21003697628.0,377398221773.0
00815369,157732122414.0,6452868937.0,7568000000.0,124139040689.0,27140212788.0,174998433298.0,220444686043.0,45446252745.0,144026243685.0,47780409889.0,32695327393.0,7802449000.0,59101579183.0,119789033331.0
00158112,271561778700.0,19270972723.0,18020000000.0,224136837574.0,28153968403.0,247767936642.0,308084432270.0,60316495628.0,96587845373.0,16484629612.0,38736625800.0,20000000000.0,18201025941.0,209684147552.0
00608316,55165315655.0,2199944852.0,1950000000.0,41172486075.0,11778070750.0,32798304194.0,44443512724.0,11645208530.0,27992197545.0,15350369034.0,8651062378.0,3727245000.0,9576187415.0,14088614489.0
00957735,250382612663.0,18598523645.0,2942000000.0,113675084728.0,118109004290.0,145296892487.0,236650517867.0,91353625380.0,140657411369.0,23727210815.0,76177163727.0,8483947500.0,65641694984.0,78496154730.0
00397289,952257433083.0,30540632368.0,10689000000.0,780952280622.0,140764520093.0,190165881617.0,538032236232.0,347866354615.0,386728009766.0,207896728288.0,255114340361.0,7695802500.0,33189144414.0,109009826097.0
00173032,717405693719.0,58470187576.0,27701000000.0,556244394045.0,102691112098.0,677692467001.0,1440636414216.0,762943947215.0,324902108863.0,99547613113.0,383956511601.0,10599191000.0,-208440019785.0,731720080779.0
00107598,1030826756797.0,417350470.0,29231000000.0,783605552301.0,246803854026.0,912238537237.0,1056364684667.0,144126147430.0,546860001706.0,155566272255.0,100693688397.0,4433310000.0,-21483348151.0,929288575388.0
00145914,85902318034.0,-3349363527.0,-7471000000.0,63068815264.0,26182866297.0,64793008126.0,113109846680.0,48316838554.0,53539755419.0,19301675316.0,40764214040.0,10522733500.0,22617199744.0,21458520119.0
00150439,61838249513.0,9142008062.0,6823000000.0,46651752110.0,6044489341.0,41062259143.0,54529283571.0,13467024428.0,23920365360.0,3852599107.0,10633717421.0,6500000000.0,5344091971.0,30600738482.0
00152260,135786056649.0,3731483075.0,2954000000.0,96911248730.0,35143324844.0,42317202537.0,129321340043.0,87004137506.0,70507311911.0,22204846025.0,72699240011.0,11178232000.0,7893603870.0,22972414562.0
00367455,168476353949.0,5129416857.0,2239000000.0,155251197549.0,8095739543.0,75480691652.0,165964411219.0,90483719567.0,56036038639.0,20902322872.0,65797603678.0,7651263500.0,29033383278.0,39989977384.0
00206659,729024728472.0,36277848102.0,12103000000.0,646403047138.0,46343833232.0,164532120034.0,420465721444.0,255933601410.0,224825745968.0,61746855835.0,217329540573.0,10992716000.0,60547899028.0,105857465810.0
00134477,375115530869.0,19249742781.0,16645000000.0,336613754721.0,19252033367.0,617104339489.0,841373802156.0,224269462667.0,411352645906.0,87953988028.0,106326931059.0,85631742500.0,21611121056.0,578212695436.0
00151128,207639235497.0,9695919016.0,11355000000.0,181969360211.0,15973956270.0,407949601229.0,440900555804.0,32950954575.0,341600216152.0,11401370014.0,26754565187.0,16500000000.0,35331327515.0,374571663359.0
00156488,536988709121.0,-12915905238.0,-12543000000.0,520845815887.0,29058798472.0,396558039291.0,579096387394.0,182538348103.0,265034822339.0,133642531144.0,146155168048.0,38108340000.0,98856671475.0,219267341096.0
00144164,4931073628033.0,189578351922.0,158869000000.0,4521732780915.0,219762495196.0,1660821771919.0,4082417323183.0,2421595551264.0,1713781802069.0,377511627691.0,1570402383596.0,45708905000.0,191941883883.0,1456708770590.0
00688358,73686264857.0,3831642383.0,3705000000.0,63139347210.0,6715275264.0,77673453070.0,137289914922.0,59616461852.0,59359036922.0,7977457207.0,18676831214.0,8848083500.0,63386422364.0,10378640254.0
00426086,659772632121.0,106356571907.0,70312000000.0,516768585972.0,36647474242.0,671651233545.0,913867790900.0,242216557355.0,426835641720.0,28418511068.0,168027944628.0,40878588000.0,190416641466.0,477887712493.0
00803425,438688445830.0,8183271154.0,5684000000.0,379579786655.0,50925388021.0,125799418487.0,332861086539.0,207061668052.0,151739019573.0,51848802995.0,155907665185.0,2784106400.0,29893955730.0,96096510846.0
00327396,238899887915.0,22323741859.0,10007000000.0,186071223303.0,30504922753.0,97558798007.0,280165577259.0,182606779252.0,96961563445.0,47131079298.0,115925971190.0,11280313500.0,58257792386.0,50845485503.0
00428321,690019664617.0,14520363089.0,-34682000000.0,460370792380.0,215128509148.0,244115917805.0,756850481301.0,512734563496.0,149919247640.0,43656582545.0,308670990733.0,14558411000.0,120336971364.0,155798985424.0
00118284,86599662295.0,12551358327.0,15693000000.0,69168309257.0,4879994711.0,124976602137.0,142639452970.0,17662850833.0,38522858328.0,13361427274.0,14718414206.0,3500000000.0,15324960000.0,109938816764.0
00149655,30761501059039.0,866770072122.0,1050076000000.0,26958671878417.0,2936059108500.0,26692096307354.0,45905516600415.0,19213420293061.0,11753694780360.0,1897381629004.0,10929358012187.0,19131748300.0,10466962748239.0,7600993638011.0
00125530,2499238195608.0,46977693390.0,20238000000.0,2117499690945.0,252756710211.0,322737723820.0,1196293065818.0,873555341998.0,370139323634.0,123911849886.0,453905433138.0,43145045000.0,-25020426537.0,304749439125.0
00472890,101828655877.0,3631274298.0,2226000000.0,84700596475.0,13496785104.0,78979390227.0,125591075006.0,46611684779.0,62221469617.0,24832045025.0,32585573188.0,18400000000.0,17701057046.0,39103851018.0
00111999,317827566516.0,35107129523.0,26879000000.0,137672153153.0,134804760513.0,204216340163.0,327532232677.0,123315892514.0,121547976764.0,52158639211.0,61740427331.0,9831338500.0,9577891854.0,188265447585.0
00131832,5021067627852.0,173947881945.0,180383000000.0,4598432976452.0,248686769455.0,2323214584614.0,5000106971919.0,2676892387305.0,2014933433494.0,427900736768.0,1684741796378.0,111677150000.0,602116188649.0,2078702497223.0
00524421,178374963637.0,11749114917.0,9749000000.0,148908296140.0,17717552580.0,214919339094.0,247901531213.0,32982192119.0,182497520185.0,49970003255.0,30826778151.0,9884113000.0,57822400318.0,162099008003.0
00121932,249991190288.0,32260424871.0,31123000000.0,195143442080.0,22587323337.0,224555298050.0,280693590389.0,56138292339.0,120230353383.0,61239016027.0,35509235905.0,6661780000.0,33410542187.0,182847274406.0
00164779,26990733000000.0,2712718000000.0,2013288000000.0,18825275000000.0,5452740000000.0,47943195000000.0,64789494000000.0,16846299000000.0,14457602000000.0,5295835000000.0,7874033000000.0,3657652000000.0,4143736000000.0,42930675000000.0
00124504,24422574846000.0,605317746000.0,209404000000.0,23297980546000.0,519276554000.0,3048060836000.0,8959415088000.0,5911354252000.0,5032320679000.0,1111858683000.0,3561239530000.0,616875745000.0,557760234000.0,1857505792000.0
00462121,96847501335.0,15345479992.0,13147000000.0,53880102607.0,27621918736.0,80904937935.0,120988656304.0,40083718369.0,70443178943.0,6041627735.0,25758826719.0,3001250000.0,14216180388.0,64663446997.0
00485177,182759456999.0,14363542426.0,11769000000.0,162016648093.0,6379266480.0,96006449740.0,148305571903.0,52299122163.0,75139032430.0,0.0,38371599386.0,7539354500.0,12462037470.0,77708954523.0
00155373,81455151992.0,1538434010.0,1158000000.0,71960662687.0,7956055295.0,60985791693.0,88353178908.0,27367387215.0,29928918443.0,13335047424.0,15771974391.0,4939656500.0,13031305663.0,44787818931.0
00134510,1221703004122.0,13168373514.0,5564000000.0,1086167543352.0,122367087256.0,381197898941.0,996027850575.0,614829951634.0,559054014529.0,171726032403.0,531279859421.0,11277206000.0,9274123174.0,366698974855.0
00112457,84291438210.0,2702647988.0,1807000000.0,71800282860.0,9788507362.0,52082544312.0,87056687210.0,34974142898.0,24332677401.0,9904123386.0,21435776108.0,18696175000.0,3252537587.0,26796569851.0
00358271,1577746350496.0,214205321717.0,131987000000.0,1260370289599.0,103170739180.0,1112065358390.0,1805907173232.0,693841814842.0,1098458551861.0,124393235018.0,665329115328.0,17954380000.0,35295759651.0,911062580002.0
00105855,2346848548538.0,168548576962.0,103869000000.0,1890428115923.0,287871855653.0,1362682802339.0,2538144406862.0,1175461604523.0,1666899982143.0,196292257902.0,753778846648.0,150000000000.0,1178434071.0,1246418740717.0
00203290,593433802381.0,101154933758.0,43599000000.0,455419311923.0,43700887899.0,603778421334.0,1095090642159.0,491312220825.0,307051619894.0,71747048927.0,349397574799.0,9192697000.0,234174447529.0,209272054529.0
00105101,1108191971411.0,22143229079.0,19669000000.0,962002705117.0,124046037215.0,608985914139.0,1544289720044.0,935303805905.0,692366598057.0,17513225471.0,449979903708.0,30000000000.0,45087224641.0,527018822621.0
00146649,896159161492.0,31654321236.0,22416000000.0,749491058152.0,115668054876.0,516482288512.0,1188576506058.0,672094217546.0,530335698038.0,110750687493.0,392472883531.0,49852615000.0,102745029846.0,137708387653.0
00413523,294657921603.0,24407031088.0,22237000000.0,207921549671.0,62329340844.0,124125643046.0,203595485663.0,79469842617.0,133213555402.0,26463999778.0,48218831947.0,5478775000.0,46947033500.0,83322957933.0
00181943,160751443923.0,6298184875.0,4920000000.0,123256989753.0,31196269295.0,252772108801.0,308888413242.0,56116304441.0,186770121341.0,48610977075.0,40213663448.0,7467004000.0,15986522477.0,126007108215.0
00143794,79052711178.0,4181832494.0,2966000000.0,62853200092.0,12017678592.0,116333875081.0,163100686590.0,46766811509.0,77624672011.0,16545299166.0,30072694419.0,11000000000.0,17671973167.0,67394401459.0
00109189,1072245938917.0,46436523985.0,64558000000.0,978270685681.0,47538729251.0,1039706219980.0,1201854194852.0,162147974872.0,522502285327.0,99069024770.0,146906139124.0,40657424000.0,321200467992.0,63635603544.0
00593032,1851716801127.0,87533142027.0,67643000000.0,805870718796.0,958312940304.0,1391539545780.0,2417125014216.0,1025585468436.0,1315031712552.0,372749341783.0,710019555825.0,146200000000.0,213111805266.0,886056365398.0
00174208,355564461674.0,29925876555.0,22006000000.0,292879171280.0,32759413839.0,139672729560.0,275526028467.0,135853298907.0,171700163643.0,64904957272.0,115212264339.0,11241134000.0,33861832438.0,110258690337.0
00112679,277253875767.0,18692622853.0,15614000000.0,238093484829.0,20467768085.0,190498001945.0,238563736894.0,48065734949.0,162073794330.0,65191008683.0,32903250621.0,14286115000.0,304412854.0,172170842119.0
00352064,18444454226.0,-432175628.0,541000000.0,15117800197.0,3758829657.0,45491073932.0,48323778343.0,2832704411.0,39024406742.0,1969630514.0,1965260269.0,3000000000.0,10300413729.0,30717737814.0
00160418,954039222999.0,14862153514.0,10920000000.0,886659174454.0,52517895031.0,228131227148.0,652275269935.0,424144042787.0,370275951795.0,113637096490.0,360018972920.0,30450420000.0,17915256000.0,163875291101.0
00120030,10416589201821.0,767266689077.0,443360000000.0,9018721377045.0,630601135699.0,4143027384106.0,13171205734337.0,9028178350231.0,7328856814743.0,875113715855.0,5800889904080.0,400489020000.0,802293937604.0,2827362528864.0
00759294,370317281240.0,39967622858.0,30588000000.0,286373617263.0,43976041119.0,340429555702.0,419012003253.0,78582447551.0,167512266350.0,36811137962.0,75169431120.0,14085970500.0,121220147442.0,213359873651.0
00141529,2359651224603.0,148278491049.0,99795000000.0,1951178384605.0,260194348949.0,1346482441468.0,2152123515409.0,805641073941.0,669847029996.0,178223633636.0,524803432552.0,18026185000.0,131906204208.0,1331164087421.0
00139889,2539766499160.0,155080809640.0,59714000000.0,2096888285521.0,287797403999.0,1726373836870.0,3972988752154.0,2246614915284.0,992719762193.0,385658113202.0,1043159965247.0,187672775000.0,140828000452.0,1349951206241.0
00129387,540276699849.0,11248669648.0,3776000000.0,442879735306.0,86148294895.0,282167454354.0,560640699578.0,278473245224.0,276696578331.0,93191272294.0,217656822743.0,13219375500.0,-3663711647.0,272774981275.0
00117212,18535738102242.0,1261859934440.0,420383000000.0,15376413801459.0,1897464366343.0,6819539375411.0,29169746816091.0,22350207440680.0,11048031755639.0,2681748260970.0,16205783141791.0,123738105000.0,732266102161.0,1250724749675.0
00911955,204458439131.0,10931674115.0,7437000000.0,90624371699.0,102902393317.0,475701736409.0,539412881125.0,63711144716.0,391093532221.0,34319967348.0,56742201992.0,10964657500.0,271434443475.0,130956425340.0
00261887,41981840930.0,253402182.0,1371000000.0,31053373900.0,10675064848.0,74833924474.0,79837779819.0,5003855345.0,29407232487.0,4194358196.0,3782802240.0,4936360000.0,54630707341.0,21422154768.0
00154329,971638980129.0,43215231647.0,11214000000.0,799112974427.0,129310774055.0,184332130583.0,613319315927.0,428987185344.0,312224940377.0,200930010391.0,366485680434.0,24955871000.0,61289939141.0,67235166448.0
00162461,9503286226445.0,378325667351.0,-237623000000.0,7732133978062.0,1392826581032.0,5805847209929.0,15681128868341.0,9875281658412.0,5322649532271.0,1479891972739.0,5831012387511.0,821170655000.0,804503695100.0,4175935376973.0
00129271,195087850963.0,5108628001.0,3039905000000.0,167009265856.0,22969957106.0,61315467261.0,125230245157.0,63914777896.0,66977303106.0,18273008474.0,47332772884.0,6613820000.0,9051047920.0,16071269301.0
01020843,65057074571.0,5558548467.0,4305000000.0,55106273842.0,4392252262.0,32220976182.0,107444751176.0,75223774994.0,85971313354.0,42889514543.0,57448105188.0,4900000000.0,6449355197.0,19449473593.0
00104768,830264391828.0,7118670092.0,5463000000.0,791228734171.0,31916987565.0,256728214727.0,512573535099.0,255845320372.0,264775008475.0,57086106173.0,168070024396.0,20801735000.0,24255399887.0,218332762678.0
00172680,673704707146.0,32924085223.0,13568000000.0,589579953463.0,51200668460.0,529831767794.0,752912818297.0,223081050503.0,376552375601.0,165710722262.0,170872142682.0,54244482000.0,182263044381.0,157499265549.0
00516246,42446601216.0,-787243747.0,-2754000000.0,34231711267.0,9002133696.0,49861443549.0,102545694529.0,52684250980.0,54135153636.0,41557102868.0,40818405579.0,4060485000.0,7072325416.0,40342297344.0
00120076,10530857111717.0,134784427823.0,28575000000.0,9817350113252.0,578722570642.0,1548616049835.0,4875982304085.0,3327366254250.0,2484044501643.0,519298712032.0,2126279483022.0,193800000000.0,101192803384.0,897241049531.0
00537832,23398104034.0,372414192.0,598000000.0,17803056840.0,5222633002.0,28601993254.0,35570056478.0,6968063224.0,21866613833.0,4168024397.0,2851037601.0,3287101000.0,10900136552.0,17882007222.0
00117300,437173901826.0,12856170183.0,5037000000.0,405618477052.0,18699254591.0,116843134508.0,314210087320.0,197366952812.0,148991647378.0,72619097714.0,165995909575.0,22342500000.0,11375863667.0,74175952306.0
00125521,2262212220833.0,43601604146.0,87093000000.0,2052543751127.0,166066865560.0,1378718061578.0,2273626562455.0,894908500877.0,1399218046180.0,247838974691.0,729414193470.0,24101638500.0,459660393730.0,912001008460.0
00269889,147947450820.0,11613034312.0,8862000000.0,105786375571.0,30548040937.0,68324728298.0,128558142048.0,60233413750.0,77913786094.0,21380467714.0,56329716876.0,6027767500.0,36228821420.0,26159203472.0
00116356,201014289582.0,25308121874.0,13295000000.0,148672094360.0,27034073348.0,123749404922.0,188579387175.0,64829982253.0,116625408589.0,19787277139.0,53889013286.0,5531244000.0,38548801779.0,73315150373.0
00539274,3552513452934.0,155474040686.0,72251000000.0,2648537971924.0,748501440324.0,1209302819861.0,2896302561947.0,1686999742086.0,1271305505210.0,376947451238.0,932111955378.0,37126020000.0,280014627564.0,293203136314.0
00298270,166992214318.0,18423512896.0,19142000000.0,32056467490.0,116512233932.0,205671999268.0,260216803980.0,54544804712.0,168697109400.0,2557451714.0,50966673645.0,5182644500.0,68207332465.0,153806364179.0
01010642,57895110070.0,-3254149086.0,-2233000000.0,43490128366.0,17659130790.0,47863159385.0,68064635506.0,20201476121.0,22865563774.0,1117954460.0,12921609660.0,5277027000.0,36288759910.0,2873454669.0
00124027,140962863019.0,8646595944.0,3890000000.0,117245030805.0,15071236270.0,77609538064.0,135954197945.0,58344659881.0,67724406159.0,19374879503.0,48360263015.0,5280000000.0,10719775524.0,39609906271.0
01060744,1912587772758.0,105301496509.0,40024000000.0,1571134979334.0,236151296915.0,612074423296.0,1743277584645.0,1131203161349.0,588959821844.0,299695527499.0,721627823879.0,119013080000.0,317710790852.0,121328164843.0
00164609,2994100904000.0,92620495000.0,53252000000.0,2803137122000.0,98343287000.0,2353961474000.0,3380628394000.0,1026666920000.0,1744822659000.0,166312395000.0,1001576278000.0,199710745000.0,82290267000.0,1843643213000.0
00122056,323727562313.0,17479958846.0,17726000000.0,293526098285.0,12721505182.0,257948506696.0,295367498211.0,37418991515.0,209489145960.0,56908125349.0,31766968429.0,8698360000.0,13137463470.0,253880384381.0
00489243,202944663674.0,19817338540.0,11849000000.0,151527356093.0,31599969041.0,209028743974.0,267605758314.0,58577014340.0,180498733628.0,15729960382.0,52888569518.0,5575148000.0,50650692556.0,106293428091.0
00173351,135228930628.0,11744779931.0,12092000000.0,112585883510.0,10898267187.0,76734298380.0,96419552937.0,19685254557.0,57422006509.0,12540428649.0,16449261422.0,3000000000.0,-16851289.0,72993154105.0
00112651,898987909304.0,16988396871.0,4691000000.0,851910334781.0,30089177652.0,215085001556.0,576144363475.0,361059361919.0,323631935510.0,178813531743.0,325898156624.0,45571319500.0,28991331071.0,78525668813.0
00160375,35112975113.0,3103548924.0,7553000000.0,28274499831.0,3734926358.0,26584062781.0,43396757140.0,16812694359.0,8273836165.0,1785905519.0,7340071220.0,5000000000.0,2429745735.0,19154317046.0
00580199,205900275787.0,25688754464.0,25563000000.0,69529926647.0,110681594676.0,262680764325.0,421529503965.0,158848739640.0,120029581705.0,29332108117.0,136347752994.0,2907545000.0,23621749297.0,304574467664.0
00635134,22352462296000.0,896857873000.0,152546000000.0,18069283521000.0,3386320902000.0,9481480420000.0,26280632351000.0,16799151931000.0,7433652074000.0,2018257067000.0,8202238119000.0,81908095000.0,1540987319000.0,3786365635000.0
00134963,814340000000.0,59292000000.0,34754000000.0,647867000000.0,107181000000.0,435581000000.0,894324000000.0,458743000000.0,398769000000.0,196996000000.0,293374000000.0,12000000000.0,22359000000.0,372745000000.0
00398808,140630621161.0,21090277122.0,14929000000.0,73009258397.0,46531085642.0,94494459694.0,142456542262.0,47962082568.0,54442359035.0,678243285.0,37880141764.0,11278611500.0,39880877630.0,40265574084.0
00169215,23483474846.0,220375347.0,489000000.0,16991617840.0,6271481659.0,40060376687.0,42867116865.0,2806740178.0,19871068770.0,5605508504.0,2551193740.0,4878044000.0,7062594436.0,29515297858.0
00365624,95380947289.0,3730413594.0,2266000000.0,75296115779.0,16354417916.0,44219858222.0,96723157381.0,52503299159.0,39597572434.0,15995359336.0,26381040429.0,4829196500.0,8381215437.0,24869034506.0
00170026,119772436986.0,8014565214.0,15341000000.0,105708662807.0,6049208965.0,108347948022.0,155221787937.0,46873839915.0,74115158196.0,159288039.0,41924846268.0,10023985000.0,22322312988.0,72881465423.0
00127200,200957322185.0,4637105880.0,8554000000.0,176195211253.0,20125005052.0,484393092180.0,502682602784.0,18289510604.0,322878505146.0,41471551525.0,16377619157.0,10000000000.0,125522278764.0,330708993413.0
00138701,1542430973306.0,158120749836.0,48207000000.0,1216077778155.0,168232445315.0,1461122133286.0,2869496179442.0,1408374046156.0,671505733030.0,135037132190.0,366804789398.0,10955120000.0,-184187229075.0,951262479828.0
00127167,274243608436.0,9196085718.0,35836000000.0,248266251479.0,16781271239.0,397583801888.0,510941658433.0,113357856545.0,312404011210.0,33400109904.0,81190245791.0,8803343000.0,21447412544.0,326489739162.0
00241005,330284776004.0,10306154621.0,5389000000.0,292269448507.0,27709172876.0,197633734839.0,338684831650.0,141051096811.0,118528416437.0,64933324505.0,93096182182.0,38000000000.0,83812661349.0,75789380165.0
00158565,291435152495.0,33099997967.0,31803000000.0,232137864834.0,26197289694.0,334447622734.0,437078589145.0,102630966411.0,134385579114.0,23425377500.0,50300704048.0,10802880000.0,8923433458.0,300317451837.0
00130091,281023046262.0,29530642938.0,24722000000.0,148873973862.0,102618429462.0,256408197536.0,338575304482.0,82167106946.0,133862143755.0,36460086203.0,55401772305.0,2875800000.0,117943802779.0,124687216713.0
00162072,52754945336.0,2169590631.0,1615000000.0,43682179010.0,6903175695.0,80979775793.0,93965863835.0,12986088042.0,62170138992.0,16133320153.0,10622088643.0,16223075500.0,8247691020.0,56820148457.0
00138729,697656463462.0,71117330003.0,61440000000.0,549457751987.0,36461999792.0,584875470809.0,848228967713.0,263353496904.0,268941423156.0,59930393643.0,129674628912.0,44782510000.0,235356221661.0,304573607048.0
00604426,92568560434.0,22618019370.0,17555000000.0,44330802953.0,25619738111.0,131457232981.0,181124112082.0,49666879101.0,109031148528.0,21388137421.0,45037020267.0,5672260000.0,12042533398.0,118320395970.0
00198378,37903298032.0,5691696568.0,11016000000.0,16125308613.0,16086292851.0,85095979817.0,153721996831.0,68626017014.0,45564889425.0,2862409566.0,48927527533.0,6054943000.0,57103323843.0,23291109250.0
00155531,264414748503.0,10790649547.0,23995000000.0,230847565227.0,22776533729.0,722323679744.0,938630238588.0,216306558844.0,193528843865.0,77641423800.0,167998855433.0,45175835000.0,285927664433.0,435142753969.0
00128980,364581695864.0,23565982251.0,21571000000.0,327126320970.0,13889392643.0,190748478217.0,298782147397.0,108033669180.0,179598157378.0,16872757206.0,95420417518.0,12500000000.0,23899864614.0,165282324378.0
01067516,247018098993.0,32297494216.0,16214000000.0,93859565309.0,120861039468.0,200042879125.0,312587282698.0,112544403573.0,81730468317.0,10880176477.0,61066133672.0,3137707500.0,72032528377.0,127176545356.0
